{"IcoMoonType":"selection","icons":[{"icon":{"paths":["M725.158 170.667h-426.668c-163.413 0-209.067 39.253-212.907 192 82.347 0 148.907 66.987 148.907 149.333s-66.56 148.907-148.907 149.333c3.84 152.747 49.493 192 212.907 192h426.668c170.667 0 213.333-42.667 213.333-213.333v-256c0-170.667-42.667-213.333-213.333-213.333z","M383.75 170.667v149.333","M383.75 704v149.333","M641.024 398.087l26.453 53.335c2.56 5.12 7.68 8.96 13.227 9.813l58.88 8.533c14.507 2.133 20.48 20.053 9.813 30.293l-42.667 41.387c-4.267 3.84-5.973 9.813-5.12 15.787l10.24 58.453c2.56 14.507-12.8 25.6-25.6 18.773l-52.48-27.733c-5.12-2.56-11.52-2.56-16.64 0l-52.48 27.733c-13.227 6.827-28.16-4.267-25.6-18.773l10.24-58.453c0.853-5.973-0.853-11.52-5.12-15.787l-42.24-41.387c-10.667-10.24-4.693-28.16 9.813-30.293l58.88-8.533c5.973-0.853 10.667-4.267 13.227-9.813l26.027-53.335c5.973-13.227 24.747-13.227 31.147 0z"],"attrs":[{"fill":"none","stroke":"rgb(41, 45, 50)","strokeLinejoin":"round","strokeLinecap":"round","strokeMiterlimit":"4","strokeWidth":64},{"fill":"none","opacity":0.4,"stroke":"rgb(41, 45, 50)","strokeLinejoin":"round","strokeLinecap":"round","strokeMiterlimit":"4","strokeWidth":64},{"fill":"none","opacity":0.4,"stroke":"rgb(41, 45, 50)","strokeLinejoin":"round","strokeLinecap":"round","strokeMiterlimit":"4","strokeWidth":64},{"fill":"none","opacity":0.4,"stroke":"rgb(41, 45, 50)","strokeLinejoin":"round","strokeLinecap":"round","strokeMiterlimit":"4","strokeWidth":64}],"isMulticolor":false,"isMulticolor2":true,"grid":0,"tags":["ticket-star"],"colorPermutations":{"25525525514145501":[{"s":0},{"s":0},{"s":0},{"s":0}]}},"attrs":[{"fill":"none","stroke":"rgb(41, 45, 50)","strokeLinejoin":"round","strokeLinecap":"round","strokeMiterlimit":"4","strokeWidth":64},{"fill":"none","opacity":0.4,"stroke":"rgb(41, 45, 50)","strokeLinejoin":"round","strokeLinecap":"round","strokeMiterlimit":"4","strokeWidth":64},{"fill":"none","opacity":0.4,"stroke":"rgb(41, 45, 50)","strokeLinejoin":"round","strokeLinecap":"round","strokeMiterlimit":"4","strokeWidth":64},{"fill":"none","opacity":0.4,"stroke":"rgb(41, 45, 50)","strokeLinejoin":"round","strokeLinecap":"round","strokeMiterlimit":"4","strokeWidth":64}],"properties":{"order":9,"id":813,"name":"ticket-star","prevSize":32,"code":59648},"setIdx":0,"setId":2,"iconIdx":80},{"icon":{"paths":["M465.165 847.791h276.053c157.867 0 197.12-39.253 197.12-197.12-54.613 0-98.56-44.373-98.56-98.56 0-54.613 43.947-98.987 98.56-98.987v-39.254c0-157.867-39.253-197.12-197.12-197.12h-272.213v289.708","M469.060 719.787v128h-118.188c-63.147 0-100.266-43.093-141.226-142.080l-7.68-19.2c51.627-20.48 76.8-80.213 55.040-131.84-20.907-51.627-80.213-76.373-132.267-55.040l-7.253-18.347c-61.44-150.187-40.107-202.667 110.080-264.533l112.64-46.080 128.855 312.32v108.8","M348.253 847.791h-7.253"],"attrs":[{"fill":"none","stroke":"rgb(41, 45, 50)","strokeLinejoin":"round","strokeLinecap":"round","strokeMiterlimit":"4","strokeWidth":64},{"fill":"none","opacity":0.4,"stroke":"rgb(41, 45, 50)","strokeLinejoin":"round","strokeLinecap":"round","strokeMiterlimit":"4","strokeWidth":64},{"fill":"none","stroke":"rgb(41, 45, 50)","strokeLinejoin":"round","strokeLinecap":"round","strokeMiterlimit":"4","strokeWidth":64}],"isMulticolor":false,"isMulticolor2":true,"grid":0,"tags":["ticket-expired"],"colorPermutations":{"25525525514145501":[{"s":0},{"s":0},{"s":0}]}},"attrs":[{"fill":"none","stroke":"rgb(41, 45, 50)","strokeLinejoin":"round","strokeLinecap":"round","strokeMiterlimit":"4","strokeWidth":64},{"fill":"none","opacity":0.4,"stroke":"rgb(41, 45, 50)","strokeLinejoin":"round","strokeLinecap":"round","strokeMiterlimit":"4","strokeWidth":64},{"fill":"none","stroke":"rgb(41, 45, 50)","strokeLinejoin":"round","strokeLinecap":"round","strokeMiterlimit":"4","strokeWidth":64}],"properties":{"order":8,"id":812,"name":"ticket-expired","prevSize":32,"code":59649},"setIdx":0,"setId":2,"iconIdx":81},{"icon":{"paths":["M725.333 874.667h-426.667c-128 0-213.333-64-213.333-213.333v-298.667c0-149.333 85.333-213.333 213.333-213.333h426.667c128 0 213.333 64 213.333 213.333v298.667c0 149.333-85.333 213.333-213.333 213.333z","M725.333 384l-133.547 106.667c-43.947 34.987-116.053 34.987-160 0l-133.12-106.667"],"attrs":[{"fill":"none","stroke":"rgb(41, 45, 50)","strokeLinejoin":"round","strokeLinecap":"round","strokeMiterlimit":"10","strokeWidth":64},{"fill":"none","opacity":0.4,"stroke":"rgb(41, 45, 50)","strokeLinejoin":"round","strokeLinecap":"round","strokeMiterlimit":"10","strokeWidth":64}],"isMulticolor":false,"isMulticolor2":true,"grid":0,"tags":["sms"],"colorPermutations":{"25525525514145501":[{"s":0},{"s":0}]}},"attrs":[{"fill":"none","stroke":"rgb(41, 45, 50)","strokeLinejoin":"round","strokeLinecap":"round","strokeMiterlimit":"10","strokeWidth":64},{"fill":"none","opacity":0.4,"stroke":"rgb(41, 45, 50)","strokeLinejoin":"round","strokeLinecap":"round","strokeMiterlimit":"10","strokeWidth":64}],"properties":{"order":12,"id":768,"name":"sms","prevSize":32,"code":59650},"setIdx":0,"setId":2,"iconIdx":125},{"icon":{"paths":["M938.667 490.667v170.667c0 149.333-85.333 213.333-213.333 213.333h-426.667c-128 0-213.333-64-213.333-213.333v-298.667c0-149.333 85.333-213.333 213.333-213.333h213.333","M298.667 384l133.547 106.667c43.947 34.987 116.053 34.987 160 0","M831.113 120.317l11.947 24.32c5.973 11.947 20.907 23.040 34.133 25.6l16.213 2.56c48.64 8.107 60.16 43.947 25.173 79.36l-14.933 14.933c-9.813 10.24-15.36 29.867-12.373 43.52l2.133 8.96c13.227 58.88-17.92 81.493-69.12 50.773l-11.093-6.4c-13.227-7.68-34.56-7.68-47.787 0l-11.093 6.4c-51.627 31.147-82.773 8.107-69.12-50.773l2.133-8.96c2.987-13.653-2.56-33.28-12.373-43.52l-14.933-14.933c-34.987-35.413-23.467-71.253 25.173-79.36l16.213-2.56c12.8-2.133 28.16-13.654 34.133-25.6l11.947-24.32c23.040-46.507 60.587-46.507 83.627 0z"],"attrs":[{"fill":"none","stroke":"rgb(41, 45, 50)","strokeLinejoin":"round","strokeLinecap":"round","strokeMiterlimit":"10","strokeWidth":64},{"fill":"none","opacity":0.4,"stroke":"rgb(41, 45, 50)","strokeLinejoin":"round","strokeLinecap":"round","strokeMiterlimit":"10","strokeWidth":64},{"fill":"none","opacity":0.4,"stroke":"rgb(41, 45, 50)","strokeLinejoin":"round","strokeLinecap":"round","strokeMiterlimit":"4","strokeWidth":64}],"isMulticolor":false,"isMulticolor2":true,"grid":0,"tags":["sms-star"],"colorPermutations":{"25525525514145501":[{"s":0},{"s":0},{"s":0}]}},"attrs":[{"fill":"none","stroke":"rgb(41, 45, 50)","strokeLinejoin":"round","strokeLinecap":"round","strokeMiterlimit":"10","strokeWidth":64},{"fill":"none","opacity":0.4,"stroke":"rgb(41, 45, 50)","strokeLinejoin":"round","strokeLinecap":"round","strokeMiterlimit":"10","strokeWidth":64},{"fill":"none","opacity":0.4,"stroke":"rgb(41, 45, 50)","strokeLinejoin":"round","strokeLinecap":"round","strokeMiterlimit":"4","strokeWidth":64}],"properties":{"order":13,"id":766,"name":"sms-star","prevSize":32,"code":59651},"setIdx":0,"setId":2,"iconIdx":127},{"icon":{"paths":["M512 640c70.694 0 128-57.306 128-128s-57.306-128-128-128c-70.694 0-128 57.306-128 128s57.306 128 128 128z","M85.333 549.542v-75.093c0-44.373 36.267-81.065 81.067-81.065 77.227 0 108.8-54.613 69.973-121.6-22.187-38.4-8.96-88.32 29.867-110.507l73.813-42.24c33.707-20.053 77.227-8.107 97.28 25.6l4.693 8.107c38.4 66.987 101.547 66.987 140.373 0l4.693-8.107c20.053-33.707 63.573-45.653 97.28-25.6l73.813 42.24c38.827 22.187 52.053 72.107 29.867 110.507-38.827 66.987-7.253 121.6 69.973 121.6 44.373 0 81.067 36.265 81.067 81.065v75.093c0 44.373-36.267 81.067-81.067 81.067-77.227 0-108.8 54.613-69.973 121.6 22.187 38.827 8.96 88.32-29.867 110.507l-73.813 42.24c-33.707 20.053-77.227 8.107-97.28-25.6l-4.693-8.107c-38.4-66.987-101.547-66.987-140.373 0l-4.693 8.107c-20.053 33.707-63.573 45.653-97.28 25.6l-73.813-42.24c-38.827-22.187-52.053-72.107-29.867-110.507 38.827-66.987 7.253-121.6-69.973-121.6-44.8 0-81.067-36.693-81.067-81.067z"],"attrs":[{"fill":"none","opacity":0.34,"stroke":"rgb(41, 45, 50)","strokeLinejoin":"round","strokeLinecap":"round","strokeMiterlimit":"10","strokeWidth":64},{"fill":"none","stroke":"rgb(41, 45, 50)","strokeLinejoin":"round","strokeLinecap":"round","strokeMiterlimit":"10","strokeWidth":64}],"isMulticolor":false,"isMulticolor2":true,"grid":0,"tags":["setting-2"],"colorPermutations":{"25525525514145501":[{"s":0},{"s":0}]}},"attrs":[{"fill":"none","opacity":0.34,"stroke":"rgb(41, 45, 50)","strokeLinejoin":"round","strokeLinecap":"round","strokeMiterlimit":"10","strokeWidth":64},{"fill":"none","stroke":"rgb(41, 45, 50)","strokeLinejoin":"round","strokeLinecap":"round","strokeMiterlimit":"10","strokeWidth":64}],"properties":{"order":11,"id":722,"name":"setting-2","prevSize":32,"code":59652},"setIdx":0,"setId":2,"iconIdx":171},{"icon":{"paths":["M924.617 610.133l-17.067 213.333c-6.4 65.28-11.52 115.2-127.147 115.2h-536.745c-115.627 0-120.747-49.92-127.147-115.2l-17.067-213.333c-3.413-35.413 7.68-68.267 27.733-93.44 0.427-0.427 0.427-0.427 0.853-0.853 23.467-28.587 58.88-46.507 98.56-46.507h570.878c39.68 0 74.667 17.92 97.707 45.653 0.427 0.427 0.853 0.853 0.853 1.28 20.907 25.173 32.427 58.027 28.587 93.867z","M149.333 487.671v-219.734c0-145.067 36.267-181.333 181.333-181.333h54.187c54.187 0 66.56 16.213 87.040 43.52l54.187 72.533c13.653 17.92 21.76 29.013 58.027 29.013h108.8c145.067 0 181.333 36.267 181.333 181.333v76.374","M402.333 725.333h219.307"],"attrs":[{"fill":"none","stroke":"rgb(41, 45, 50)","strokeLinejoin":"miter","strokeLinecap":"butt","strokeMiterlimit":"10","strokeWidth":64},{"fill":"none","opacity":0.4,"stroke":"rgb(41, 45, 50)","strokeLinejoin":"round","strokeLinecap":"round","strokeMiterlimit":"10","strokeWidth":64},{"fill":"none","opacity":0.4,"stroke":"rgb(41, 45, 50)","strokeLinejoin":"round","strokeLinecap":"round","strokeMiterlimit":"10","strokeWidth":64}],"isMulticolor":false,"isMulticolor2":true,"grid":0,"tags":["folder-open"],"colorPermutations":{"25525525514145501":[{"s":0},{"s":0},{"s":0}]}},"attrs":[{"fill":"none","stroke":"rgb(41, 45, 50)","strokeLinejoin":"miter","strokeLinecap":"butt","strokeMiterlimit":"10","strokeWidth":64},{"fill":"none","opacity":0.4,"stroke":"rgb(41, 45, 50)","strokeLinejoin":"round","strokeLinecap":"round","strokeMiterlimit":"10","strokeWidth":64},{"fill":"none","opacity":0.4,"stroke":"rgb(41, 45, 50)","strokeLinejoin":"round","strokeLinecap":"round","strokeMiterlimit":"10","strokeWidth":64}],"properties":{"order":4,"id":340,"name":"folder-open","prevSize":32,"code":59653},"setIdx":0,"setId":2,"iconIdx":553},{"icon":{"paths":["M938.667 363.52v-193.707c0-60.16-27.307-84.48-95.147-84.48h-172.373c-67.84 0-95.147 24.32-95.147 84.48v193.28c0 60.587 27.307 84.48 95.147 84.48h172.373c67.84 0.427 95.147-23.893 95.147-84.053z","M938.667 843.52v-172.373c0-67.84-27.307-95.147-95.147-95.147h-172.373c-67.84 0-95.147 27.307-95.147 95.147v172.373c0 67.84 27.307 95.147 95.147 95.147h172.373c67.84 0 95.147-27.307 95.147-95.147z","M448 363.52v-193.707c0-60.16-27.307-84.48-95.147-84.48h-172.373c-67.84 0-95.147 24.32-95.147 84.48v193.28c0 60.587 27.307 84.48 95.147 84.48h172.373c67.84 0.427 95.147-23.893 95.147-84.053z","M448 843.52v-172.373c0-67.84-27.307-95.147-95.147-95.147h-172.373c-67.84 0-95.147 27.307-95.147 95.147v172.373c0 67.84 27.307 95.147 95.147 95.147h172.373c67.84 0 95.147-27.307 95.147-95.147z"],"attrs":[{"fill":"none","stroke":"rgb(41, 45, 50)","strokeLinejoin":"round","strokeLinecap":"round","strokeMiterlimit":"4","strokeWidth":64},{"fill":"none","opacity":0.4,"stroke":"rgb(41, 45, 50)","strokeLinejoin":"round","strokeLinecap":"round","strokeMiterlimit":"4","strokeWidth":64},{"fill":"none","opacity":0.4,"stroke":"rgb(41, 45, 50)","strokeLinejoin":"round","strokeLinecap":"round","strokeMiterlimit":"4","strokeWidth":64},{"fill":"none","stroke":"rgb(41, 45, 50)","strokeLinejoin":"round","strokeLinecap":"round","strokeMiterlimit":"4","strokeWidth":64}],"isMulticolor":false,"isMulticolor2":true,"grid":0,"tags":["element-3"],"colorPermutations":{"25525525514145501":[{"s":0},{"s":0},{"s":0},{"s":0}]}},"attrs":[{"fill":"none","stroke":"rgb(41, 45, 50)","strokeLinejoin":"round","strokeLinecap":"round","strokeMiterlimit":"4","strokeWidth":64},{"fill":"none","opacity":0.4,"stroke":"rgb(41, 45, 50)","strokeLinejoin":"round","strokeLinecap":"round","strokeMiterlimit":"4","strokeWidth":64},{"fill":"none","opacity":0.4,"stroke":"rgb(41, 45, 50)","strokeLinejoin":"round","strokeLinecap":"round","strokeMiterlimit":"4","strokeWidth":64},{"fill":"none","stroke":"rgb(41, 45, 50)","strokeLinejoin":"round","strokeLinecap":"round","strokeMiterlimit":"4","strokeWidth":64}],"properties":{"order":6,"id":294,"name":"element-3","prevSize":32,"code":59654},"setIdx":0,"setId":2,"iconIdx":599},{"icon":{"paths":["M384 938.667h256c213.333 0 298.667-85.333 298.667-298.667v-256c0-213.333-85.333-298.667-298.667-298.667h-256c-213.333 0-298.667 85.333-298.667 298.667v256c0 213.333 85.333 298.667 298.667 298.667z","M661.333 789.333c46.933 0 85.333-38.4 85.333-85.333v-384c0-46.933-38.4-85.333-85.333-85.333s-85.333 38.4-85.333 85.333v384c0 46.933 37.973 85.333 85.333 85.333z","M362.667 789.333c46.933 0 85.333-38.4 85.333-85.333v-149.333c0-46.933-38.4-85.333-85.333-85.333s-85.333 38.4-85.333 85.333v149.333c0 46.933 37.973 85.333 85.333 85.333z"],"attrs":[{"fill":"none","stroke":"rgb(41, 45, 50)","strokeLinejoin":"round","strokeLinecap":"round","strokeMiterlimit":"4","strokeWidth":64},{"fill":"none","opacity":0.4,"stroke":"rgb(41, 45, 50)","strokeLinejoin":"round","strokeLinecap":"round","strokeMiterlimit":"4","strokeWidth":64},{"fill":"none","opacity":0.4,"stroke":"rgb(41, 45, 50)","strokeLinejoin":"round","strokeLinecap":"round","strokeMiterlimit":"4","strokeWidth":64}],"isMulticolor":false,"isMulticolor2":true,"grid":0,"tags":["chart-2"],"colorPermutations":{"25525525514145501":[{"s":0},{"s":0},{"s":0}]}},"attrs":[{"fill":"none","stroke":"rgb(41, 45, 50)","strokeLinejoin":"round","strokeLinecap":"round","strokeMiterlimit":"4","strokeWidth":64},{"fill":"none","opacity":0.4,"stroke":"rgb(41, 45, 50)","strokeLinejoin":"round","strokeLinecap":"round","strokeMiterlimit":"4","strokeWidth":64},{"fill":"none","opacity":0.4,"stroke":"rgb(41, 45, 50)","strokeLinejoin":"round","strokeLinecap":"round","strokeMiterlimit":"4","strokeWidth":64}],"properties":{"order":10,"id":179,"name":"chart-2","prevSize":32,"code":59655},"setIdx":0,"setId":2,"iconIdx":714},{"icon":{"paths":["M341.333 85.333v128","M682.667 85.333v128","M149.333 387.833h725.333","M896 362.667v362.667c0 128-64 213.333-213.333 213.333h-341.333c-149.333 0-213.333-85.333-213.333-213.333v-362.667c0-128 64-213.333 213.333-213.333h341.333c149.333 0 213.333 85.333 213.333 213.333z","M669.641 584.542h0.384","M669.641 712.542h0.384","M511.808 584.542h0.384","M511.808 712.542h0.384","M353.891 584.542h0.383","M353.875 712.542h0.383"],"attrs":[{"fill":"none","stroke":"rgb(41, 45, 50)","strokeLinejoin":"round","strokeLinecap":"round","strokeMiterlimit":"10","strokeWidth":64},{"fill":"none","stroke":"rgb(41, 45, 50)","strokeLinejoin":"round","strokeLinecap":"round","strokeMiterlimit":"10","strokeWidth":64},{"fill":"none","opacity":0.4,"stroke":"rgb(41, 45, 50)","strokeLinejoin":"round","strokeLinecap":"round","strokeMiterlimit":"10","strokeWidth":64},{"fill":"none","stroke":"rgb(41, 45, 50)","strokeLinejoin":"round","strokeLinecap":"round","strokeMiterlimit":"10","strokeWidth":64},{"fill":"none","opacity":0.4,"stroke":"rgb(41, 45, 50)","strokeLinejoin":"round","strokeLinecap":"round","strokeMiterlimit":"4","strokeWidth":85.33333333333333},{"fill":"none","opacity":0.4,"stroke":"rgb(41, 45, 50)","strokeLinejoin":"round","strokeLinecap":"round","strokeMiterlimit":"4","strokeWidth":85.33333333333333},{"fill":"none","opacity":0.4,"stroke":"rgb(41, 45, 50)","strokeLinejoin":"round","strokeLinecap":"round","strokeMiterlimit":"4","strokeWidth":85.33333333333333},{"fill":"none","opacity":0.4,"stroke":"rgb(41, 45, 50)","strokeLinejoin":"round","strokeLinecap":"round","strokeMiterlimit":"4","strokeWidth":85.33333333333333},{"fill":"none","opacity":0.4,"stroke":"rgb(41, 45, 50)","strokeLinejoin":"round","strokeLinecap":"round","strokeMiterlimit":"4","strokeWidth":85.33333333333333},{"fill":"none","opacity":0.4,"stroke":"rgb(41, 45, 50)","strokeLinejoin":"round","strokeLinecap":"round","strokeMiterlimit":"4","strokeWidth":85.33333333333333}],"isMulticolor":false,"isMulticolor2":true,"grid":0,"tags":["calendar"],"colorPermutations":{"25525525514145501":[{"s":0},{"s":0},{"s":0},{"s":0},{"s":0},{"s":0},{"s":0},{"s":0},{"s":0},{"s":0}]}},"attrs":[{"fill":"none","stroke":"rgb(41, 45, 50)","strokeLinejoin":"round","strokeLinecap":"round","strokeMiterlimit":"10","strokeWidth":64},{"fill":"none","stroke":"rgb(41, 45, 50)","strokeLinejoin":"round","strokeLinecap":"round","strokeMiterlimit":"10","strokeWidth":64},{"fill":"none","opacity":0.4,"stroke":"rgb(41, 45, 50)","strokeLinejoin":"round","strokeLinecap":"round","strokeMiterlimit":"10","strokeWidth":64},{"fill":"none","stroke":"rgb(41, 45, 50)","strokeLinejoin":"round","strokeLinecap":"round","strokeMiterlimit":"10","strokeWidth":64},{"fill":"none","opacity":0.4,"stroke":"rgb(41, 45, 50)","strokeLinejoin":"round","strokeLinecap":"round","strokeMiterlimit":"4","strokeWidth":85.33333333333333},{"fill":"none","opacity":0.4,"stroke":"rgb(41, 45, 50)","strokeLinejoin":"round","strokeLinecap":"round","strokeMiterlimit":"4","strokeWidth":85.33333333333333},{"fill":"none","opacity":0.4,"stroke":"rgb(41, 45, 50)","strokeLinejoin":"round","strokeLinecap":"round","strokeMiterlimit":"4","strokeWidth":85.33333333333333},{"fill":"none","opacity":0.4,"stroke":"rgb(41, 45, 50)","strokeLinejoin":"round","strokeLinecap":"round","strokeMiterlimit":"4","strokeWidth":85.33333333333333},{"fill":"none","opacity":0.4,"stroke":"rgb(41, 45, 50)","strokeLinejoin":"round","strokeLinecap":"round","strokeMiterlimit":"4","strokeWidth":85.33333333333333},{"fill":"none","opacity":0.4,"stroke":"rgb(41, 45, 50)","strokeLinejoin":"round","strokeLinecap":"round","strokeMiterlimit":"4","strokeWidth":85.33333333333333}],"properties":{"order":5,"id":147,"name":"calendar","prevSize":32,"code":59656},"setIdx":0,"setId":2,"iconIdx":746}],"height":1024,"metadata":{"name":"icomoon"},"preferences":{"showGlyphs":true,"showQuickUse":true,"showQuickUse2":true,"showSVGs":true,"fontPref":{"prefix":"icon-","metadata":{"fontFamily":"icomoon"},"metrics":{"emSize":1024,"baseline":6.25,"whitespace":50},"embed":false,"autoHost":true},"imagePref":{"prefix":"icon-","png":true,"useClassSelector":true,"color":0,"bgColor":16777215,"classSelector":".icon"},"historySize":50,"showCodes":true,"gridSize":16,"quickUsageToken":{"iconsax-twotone":"ZWVjODc5NWU3NDE3MTY3NWZlZGEwZTk4NGUwYTRmZTQjMSMxNjQ1MDQ4NzUxIyMjZWU1NGU0MzM3MjYy"}}}